date,day,month,year,dayofweek,dayofyear,weekofyear,monthname,quarter,is_weekend,is_weekday,month_year,quater_year
2026-03-01,1,3,2026,1,60,9,Mar,1,1,0,Mar-2026,Q1-2026
2026-03-02,2,3,2026,2,61,10,Mar,1,0,1,Mar-2026,Q1-2026
2026-03-03,3,3,2026,3,62,10,Mar,1,0,1,Mar-2026,Q1-2026
2026-03-04,4,3,2026,4,63,10,Mar,1,0,1,Mar-2026,Q1-2026
2026-03-05,5,3,2026,5,64,10,Mar,1,0,1,Mar-2026,Q1-2026
2026-03-06,6,3,2026,6,65,10,Mar,1,0,1,Mar-2026,Q1-2026
2026-03-07,7,3,2026,7,66,10,Mar,1,1,0,Mar-2026,Q1-2026
2026-03-08,8,3,2026,1,67,10,Mar,1,1,0,Mar-2026,Q1-2026
2026-03-09,9,3,2026,2,68,11,Mar,1,0,1,Mar-2026,Q1-2026
2026-03-10,10,3,2026,3,69,11,Mar,1,0,1,Mar-2026,Q1-2026
2026-03-11,11,3,2026,4,70,11,Mar,1,0,1,Mar-2026,Q1-2026
2026-03-12,12,3,2026,5,71,11,Mar,1,0,1,Mar-2026,Q1-2026
2026-03-13,13,3,2026,6,72,11,Mar,1,0,1,Mar-2026,Q1-2026
2026-03-14,14,3,2026,7,73,11,Mar,1,1,0,Mar-2026,Q1-2026
2026-03-15,15,3,2026,1,74,11,Mar,1,1,0,Mar-2026,Q1-2026
2026-03-16,16,3,2026,2,75,12,Mar,1,0,1,Mar-2026,Q1-2026
2026-03-17,17,3,2026,3,76,12,Mar,1,0,1,Mar-2026,Q1-2026
2026-03-18,18,3,2026,4,77,12,Mar,1,0,1,Mar-2026,Q1-2026
2026-03-19,19,3,2026,5,78,12,Mar,1,0,1,Mar-2026,Q1-2026
2026-03-20,20,3,2026,6,79,12,Mar,1,0,1,Mar-2026,Q1-2026
2026-03-21,21,3,2026,7,80,12,Mar,1,1,0,Mar-2026,Q1-2026
2026-03-22,22,3,2026,1,81,12,Mar,1,1,0,Mar-2026,Q1-2026
2026-03-23,23,3,2026,2,82,13,Mar,1,0,1,Mar-2026,Q1-2026
2026-03-24,24,3,2026,3,83,13,Mar,1,0,1,Mar-2026,Q1-2026
2026-03-25,25,3,2026,4,84,13,Mar,1,0,1,Mar-2026,Q1-2026
2026-03-26,26,3,2026,5,85,13,Mar,1,0,1,Mar-2026,Q1-2026
2026-03-27,27,3,2026,6,86,13,Mar,1,0,1,Mar-2026,Q1-2026
2026-03-28,28,3,2026,7,87,13,Mar,1,1,0,Mar-2026,Q1-2026
2026-03-29,29,3,2026,1,88,13,Mar,1,1,0,Mar-2026,Q1-2026
2026-03-30,30,3,2026,2,89,14,Mar,1,0,1,Mar-2026,Q1-2026
2026-03-31,31,3,2026,3,90,14,Mar,1,0,1,Mar-2026,Q1-2026
2026-04-01,1,4,2026,4,91,14,Apr,2,0,1,Apr-2026,Q2-2026
2026-04-02,2,4,2026,5,92,14,Apr,2,0,1,Apr-2026,Q2-2026
2026-04-03,3,4,2026,6,93,14,Apr,2,0,1,Apr-2026,Q2-2026
2026-04-04,4,4,2026,7,94,14,Apr,2,1,0,Apr-2026,Q2-2026
2026-04-05,5,4,2026,1,95,14,Apr,2,1,0,Apr-2026,Q2-2026
